E_rel_keV,count
1,0
3,3
5,74
7,460
9,1472
11,3000
13,4851
15,6449
17,7773
19,8667
21,8857
23,8684
25,8001
27,7332
29,6503
31,5681
33,4836
35,3791
37,3148
39,2562
41,1912
43,1546
45,1213
47,868
49,668
51,477
53,327
55,275
57,172
59,131
61,76
63,56
65,31
67,37
69,22
71,14
73,12
75,3
77,4
79,4
81,3
83,3
85,0
87,0
89,2
91,0
93,0
95,0
97,0
99,0
101,0
103,0
105,0
107,0
109,0
111,0
113,0
115,0
117,0
119,0
121,0
123,0
125,0
127,0
129,0
131,0
133,0
135,0
137,0
139,0
141,0
143,0
145,0
147,0
149,0
151,0
153,0
155,0
157,0
159,0
161,0
163,0
165,0
167,0
169,0
171,0
173,0
175,0
177,0
179,0
181,0
183,0
185,0
187,0
189,0
191,0
193,0
195,0
197,0
199,0
