pT_over_pstar,count
0.005,9
0.015,14
0.025,24
0.035,44
0.045,46
0.055,56
0.065,66
0.075,84
0.085,103
0.095,84
0.105,96
0.115,113
0.125,127
0.135,152
0.145,137
0.155,173
0.165,149
0.175,182
0.185,175
0.195,192
0.205,198
0.215,211
0.225,249
0.235,258
0.245,274
0.255,291
0.265,301
0.275,280
0.285,281
0.295,304
0.305,313
0.315,335
0.325,337
0.335,363
0.345,362
0.355,341
0.365,367
0.375,422
0.385,406
0.395,410
0.405,474
0.415,475
0.425,493
0.435,484
0.445,503
0.455,493
0.465,526
0.475,488
0.485,571
0.495,560
0.505,566
0.515,593
0.525,649
0.535,617
0.545,623
0.555,702
0.565,685
0.575,715
0.585,676
0.595,767
0.605,799
0.615,781
0.625,780
0.635,846
0.645,835
0.655,905
0.665,885
0.675,910
0.685,972
0.695,993
0.705,1025
0.715,1048
0.725,1027
0.735,1123
0.745,1068
0.755,1152
0.765,1180
0.775,1192
0.785,1283
0.795,1310
0.805,1338
0.815,1367
0.825,1495
0.835,1446
0.845,1589
0.855,1673
0.865,1708
0.875,1781
0.885,1838
0.895,2025
0.905,2130
0.915,2231
0.925,2380
0.935,2607
0.945,2876
0.955,3204
0.965,3762
0.975,4801
0.985,6035
0.995,6333
